id,category,era,clean_window,car5,anon_text
ev_000,Disclosure under SEBI Takeover Regulations,2025-2026,True,-0.007827564275636245,"Zuari Maroc COMPANY Private Limited has Submitted to the Exchange a copy of Disclosure under Regulation 31(4) of the Securities and Exchange Board of India (Substantial Acquisition of Shares and Takeovers) Regulations, 2011."
ev_001,Disclosure under SEBI Takeover Regulations,2025-2026,True,-0.013896188113490915,"K Ravindra Chandrappa has Submitted to the Exchange a copy of Disclosure under Regulation 31(4) of the Securities and Exchange Board of India (Substantial Acquisition of Shares and Takeovers) Regulations, 2011."
ev_002,Disclosure under SEBI Takeover Regulations,2025-2026,True,-0.00802204473643875,"Larsen & Toubro Limited has Submitted to the Exchange a copy of Disclosure under Regulation 31(4) of the Securities and Exchange Board of India (Substantial Acquisition of Shares and Takeovers) Regulations, 2011."
ev_003,Change in Director(s),2025-2026,True,-0.023624507547132634,COMPANY has informed the Exchange regarding Change in Director(s) of the company.
ev_004,Disclosure under SEBI Takeover Regulations,2025-2026,True,0.09321307149002767,"Pavan Jain,Siddharth Jain, Nayantara Jain,Ishita Jain, COMPANY Chemicals LLP,Siddho Mal Trading LLP,GFL Limited ,COMPANY Infrastructure Limited has Submitted to the Exchange a copy of Disclosure under Regulation 31(4) of the Securities and Exchange Board of India (Substantial Acquisition of Shares and Takeovers) Regulations, 2011."
ev_005,Change in Director(s),2025-2026,True,-0.017939329300698637,COMPANY has informed the Exchange regarding Change in Director(s) of the company.
ev_006,Disclosure under SEBI Takeover Regulations,2025-2026,True,0.07616062931490108,"COMPANY CAPITAL MANAGEMENT PRIVATE LIMITED has Submitted to the Exchange a copy of Disclosure under Regulation 31(4) of the Securities and Exchange Board of India (Substantial Acquisition of Shares and Takeovers) Regulations, 2011."
ev_007,Disclosure under SEBI Takeover Regulations,2025-2026,True,0.026727842690717152,"COMPANY COMPANY Ltd (formerly known as COMPANY ABB Power Grids Ltd) has Submitted to the Exchange a copy of Disclosure under Regulation 31(4) of the Securities and Exchange Board of India (Substantial Acquisition of Shares and Takeovers) Regulations, 2011."
ev_008,Disclosure under SEBI Takeover Regulations,2025-2026,True,0.004808665446709659,"Ajay T. Jaisinghani has Submitted to the Exchange a copy of Disclosure under Regulation 31(4) of the Securities and Exchange Board of India (Substantial Acquisition of Shares and Takeovers) Regulations, 2011."
ev_009,Change in Director(s),2025-2026,True,-0.01814682780082766,COMPANY has informed the Exchange regarding Change in Director(s) of the company.
ev_010,Disclosure under SEBI Takeover Regulations,2025-2026,True,-0.023591106574138654,"Bharat Kumar Vageria has Submitted to the Exchange a copy of Disclosure under Regulation 31(4) of the Securities and Exchange Board of India (Substantial Acquisition of Shares and Takeovers) Regulations, 2011."
ev_011,Change in Director(s),2025-2026,True,-0.03534546131381533,COMPANY has informed the Exchange regarding Change in Director(s) of the company.
ev_012,Disclosure under SEBI Takeover Regulations,2025-2026,True,-0.09742514631696242,"Hero MotoCorp Limited has Submitted to the Exchange a copy of Disclosure under Regulation 31(4) of the Securities and Exchange Board of India (Substantial Acquisition of Shares and Takeovers) Regulations, 2011."
ev_013,Change in Director(s),2025-2026,True,0.02413247461741652,COMPANY has informed the Exchange regarding Change in Director(s) of the company.
ev_014,Disclosure under SEBI Takeover Regulations,2025-2026,True,0.10903234308106158,"COMPANY has Submitted to the Exchange a copy of Disclosure under Regulation 31(4) of the Securities and Exchange Board of India (Substantial Acquisition of Shares and Takeovers) Regulations, 2011."
ev_015,Disclosure under SEBI Takeover Regulations,2025-2026,True,0.02458957290979935,"Aura Securities Private Ltd has Submitted to the Exchange a copy of Disclosure under Regulation 31(4) of the Securities and Exchange Board of India (Substantial Acquisition of Shares and Takeovers) Regulations, 2011."
ev_016,Disclosure under SEBI Takeover Regulations,2025-2026,True,0.022357769563321916,"Jaikaran Chandock has Submitted to the Exchange a copy of Disclosure under Regulation 31(4) of the Securities and Exchange Board of India (Substantial Acquisition of Shares and Takeovers) Regulations, 2011."
ev_017,Change in Director(s),2025-2026,True,0.01382747862021283,COMPANY has informed the Exchange regarding Change in Director(s) of the company.
ev_018,Disclosure under SEBI Takeover Regulations,2025-2026,True,-0.03291648964452165,"COMPANY has Submitted to the Exchange a copy of Disclosure under Regulation 31(4) of the Securities and Exchange Board of India (Substantial Acquisition of Shares and Takeovers) Regulations, 2011."
ev_019,Disclosure under SEBI Takeover Regulations,2025-2026,True,0.01058991365160833,"Pastel Limited has Submitted to the Exchange a copy of Disclosure under Regulation 31(4) of the Securities and Exchange Board of India (Substantial Acquisition of Shares and Takeovers) Regulations, 2011."
ev_020,Change in Director(s),2025-2026,True,0.004257123325052681,COMPANY Gas Limited has informed the Exchange regarding Change in Director(s) of the company.
ev_021,Disclosure under SEBI Takeover Regulations,2025-2026,True,-0.018519616224453417,"Welter Trading Limited has Submitted to the Exchange a copy of Disclosure under Regulation 31(4) of the Securities and Exchange Board of India (Substantial Acquisition of Shares and Takeovers) Regulations, 2011."
ev_022,Change in Director(s),2025-2026,True,-0.09058391406637534,COMPANY has informed the Exchange regarding Change in Director(s) of the company.
ev_023,Disclosure under SEBI Takeover Regulations,2025-2026,True,-0.012073827582788077,"COMPANY has Submitted to the Exchange a copy of Disclosure under Regulation 31(4) of the Securities and Exchange Board of India (Substantial Acquisition of Shares and Takeovers) Regulations, 2011."
ev_024,Disclosure under SEBI Takeover Regulations,2025-2026,True,0.029943058628580488,"Manish Dhingra has Submitted to the Exchange a copy of Disclosure under Regulation 31(4) of the Securities and Exchange Board of India (Substantial Acquisition of Shares and Takeovers) Regulations, 2011."
ev_025,Disclosure under SEBI Takeover Regulations,2025-2026,True,0.006659231909566854,"COMPANY has Submitted to the Exchange a copy of Disclosure under Regulation 31(4) of the Securities and Exchange Board of India (Substantial Acquisition of Shares and Takeovers) Regulations, 2011."
ev_026,Disclosure under SEBI Takeover Regulations,2025-2026,True,0.05055561052052093,"STEL Holdings Limited has Submitted to the Exchange a copy of Disclosure under Regulation 31(4) of the Securities and Exchange Board of India (Substantial Acquisition of Shares and Takeovers) Regulations, 2011."
ev_027,Statement of deviation(s) or variation(s) under Reg. 32,2025-2026,True,-0.021924276534707743,COMPANY has informed the Exchange about statement of deviation(s) or variation(s) under Reg. 32
ev_028,Change in Director(s),2025-2026,True,-0.08090637084358221,COMPANY has informed the Exchange regarding Change in Director(s) of the company.
ev_029,Disclosure under SEBI Takeover Regulations,2025-2026,True,-0.03129232279214844,"CA Harbor Investments and CA Hull Investments has Submitted to the Exchange a copy of Disclosure under Regulation 31(4) of the Securities and Exchange Board of India (Substantial Acquisition of Shares and Takeovers) Regulations, 2011."
ev_030,Change in Director(s),2025-2026,True,-0.027616558743377206,COMPANY has informed the Exchange regarding Change in Director(s) of the company.
ev_031,Disclosure under SEBI Takeover Regulations,2025-2026,True,0.03675197972178468,"Abhishek COMPANY has Submitted to the Exchange a copy of Disclosure under Regulation 31(4) of the Securities and Exchange Board of India (Substantial Acquisition of Shares and Takeovers) Regulations, 2011."
ev_032,Disclosure under SEBI Takeover Regulations,2025-2026,True,0.2745554473206555,"Manasi Iyer has Submitted to the Exchange a copy of Disclosure under Regulation 31(4) of the Securities and Exchange Board of India (Substantial Acquisition of Shares and Takeovers) Regulations, 2011."
ev_033,Disclosure under SEBI Takeover Regulations,2025-2026,True,-0.06089945969408561,"COMPANY has Submitted to the Exchange a copy of Disclosure under Regulation 31(4) of the Securities and Exchange Board of India (Substantial Acquisition of Shares and Takeovers) Regulations, 2011."
ev_034,Disclosure under SEBI Takeover Regulations,2025-2026,True,0.0013582801214448992,"COMPANY has Submitted to the Exchange a copy of Disclosure under Regulation 31(4) of the Securities and Exchange Board of India (Substantial Acquisition of Shares and Takeovers) Regulations, 2011."
ev_035,Disclosure under SEBI Takeover Regulations,2025-2026,True,0.01799613435521319,"Bhanu Chopra has Submitted to the Exchange a copy of Disclosure under Regulation 31(4) and 31 (5) of the Securities and Exchange Board of India (Substantial Acquisition of Shares and Takeovers) Regulations, 2011."
ev_036,Disclosure under SEBI Takeover Regulations,2025-2026,True,0.025311464175813203,"PERSON on behalf of Late PERSON has Submitted to the Exchange a copy of Disclosure under Regulation 31(4) of the Securities and Exchange Board of India (Substantial Acquisition of Shares and Takeovers) Regulations, 2011."
ev_037,Disclosure under SEBI Takeover Regulations,2025-2026,True,0.006450956506317107,"Sailesh C. Mehta has Submitted to the Exchange a copy of Disclosure under Regulation 31(4) of the Securities and Exchange Board of India (Substantial Acquisition of Shares and Takeovers) Regulations, 2011."
ev_038,Disclosure under SEBI Takeover Regulations,2025-2026,True,-0.018627769406299288,"NARENDRA JOHARIMAL GOLIYA has Submitted to the Exchange a copy of Disclosure under Regulation 31(4) of the Securities and Exchange Board of India (Substantial Acquisition of Shares and Takeovers) Regulations, 2011."
ev_039,Disclosure under SEBI Takeover Regulations,2025-2026,True,0.027243635234424746,"Ananmay Khemka has Submitted to the Exchange a copy of Disclosure under Regulation 10 (5) of the Securities and Exchange Board of India (Substantial Acquisition of Shares and Takeovers) Regulations, 2011."
ev_040,Change in Director(s),2025-2026,True,0.0024368031824225644,COMPANY has informed the Exchange regarding Change in Director(s) of the company.
ev_041,Change in Director(s),2025-2026,True,0.049585322516788155,COMPANY has informed the Exchange regarding Change in Director(s) of the company.
ev_042,Change in Director(s),2025-2026,True,-0.02628416197965533,COMPANY has informed the Exchange regarding Change in Director(s) of the company.
ev_043,Disclosure under SEBI Takeover Regulations,2025-2026,True,0.07040914976063051,"COMPANY has Submitted to the Exchange a copy of Disclosure under Regulation 31(4) of the Securities and Exchange Board of India (Substantial Acquisition of Shares and Takeovers) Regulations, 2011."
ev_044,Statement of deviation(s) or variation(s) under Reg. 32,2025-2026,True,0.04787975447288706,COMPANY has informed the Exchange about statement of deviation(s) or variation(s) under Reg. 32
ev_045,Disclosure under SEBI Takeover Regulations,2025-2026,True,-0.00999770531059796,"ARVIND COMPANY has Submitted to the Exchange a copy of Disclosure under Regulation 31(4) of the Securities and Exchange Board of India (Substantial Acquisition of Shares and Takeovers) Regulations, 2011."
ev_046,Disclosure under SEBI Takeover Regulations,2025-2026,True,-0.01696396881618334,"Atul Ashokkumar Ruia has Submitted to the Exchange a copy of Disclosure under Regulation 31(4) of the Securities and Exchange Board of India (Substantial Acquisition of Shares and Takeovers) Regulations, 2011."
ev_047,Disclosure under SEBI Takeover Regulations,2025-2026,True,0.013642952040587408,"Devendra Khemka For & on behalf of Puja Poddar has Submitted to the Exchange a copy of Disclosure under Regulation 31(4) of the Securities and Exchange Board of India (Substantial Acquisition of Shares and Takeovers) Regulations, 2011."
ev_048,Disclosure under SEBI Takeover Regulations,2025-2026,True,0.08206141581995618,"Nadir COMPANY has Submitted to the Exchange a copy of Disclosure under Regulation 31(4) of the Securities and Exchange Board of India (Substantial Acquisition of Shares and Takeovers) Regulations, 2011."
ev_049,Change in Director(s),2025-2026,True,0.0005869049536362247,COMPANY has informed the Exchange regarding Change in Director(s) of the company.
ev_050,Disclosure under SEBI Takeover Regulations,2025-2026,True,-0.01454929213634304,"Castor Investments Limited has Submitted to the Exchange a copy of Disclosure under Regulation 31(4) of the Securities and Exchange Board of India (Substantial Acquisition of Shares and Takeovers) Regulations, 2011."
ev_051,Disclosure under SEBI Takeover Regulations,2025-2026,True,0.17516787246489918,"COMPANY Capital Limited has Submitted to the Exchange a copy of Disclosure under Regulation 31(4) of the Securities and Exchange Board of India (Substantial Acquisition of Shares and Takeovers) Regulations, 2011."
ev_052,Disclosure under SEBI Takeover Regulations,2025-2026,True,0.013125464761701622,"J.P. Morgan India Private Limited (Manager to the Open Offer) has submitted to the Exchange a copy of Pre-offer advertisement in accordance with Regulation 18(7) of the Securities and Exchange Board of India (Substantial Acquisition of Shares and Takeovers) Regulations, 2011, as amended, and Corrigendum to the Detailed Public Statement for the attention of the Public Shareholders of COMPANY (Target Company)."
ev_053,Disclosure under SEBI Takeover Regulations,2025-2026,True,-0.02532856107268644,"COMPANY Industrial Investments And Holdings Limited has Submitted to the Exchange a copy of Disclosure under Regulation 31(4) of the Securities and Exchange Board of India (Substantial Acquisition of Shares and Takeovers) Regulations, 2011."
ev_054,Disclosure under SEBI Takeover Regulations,2025-2026,True,-0.10226523533097531,"COMPANY has Submitted to the Exchange a copy of Disclosure under Regulation 31(4) of the Securities and Exchange Board of India (Substantial Acquisition of Shares and Takeovers) Regulations, 2011."
ev_055,Statement of deviation(s) or variation(s) under Reg. 32,2025-2026,True,0.10348681060132847,COMPANY has informed the Exchange about statement of deviation(s) or variation(s) under Reg. 32
ev_056,Statement of deviation(s) or variation(s) under Reg. 32,2025-2026,True,-0.0055239370952282485,COMPANY has informed the Exchange about statement of deviation(s) or variation(s) under Reg. 32
ev_057,Disclosure under SEBI Takeover Regulations,2025-2026,True,0.015899680658706616,"Sahdevsinh Lalubha Jadeja has Submitted to the Exchange a copy of Disclosure under Regulation 31(4) of the Securities and Exchange Board of India (Substantial Acquisition of Shares and Takeovers) Regulations, 2011."
ev_058,Disclosure under SEBI Takeover Regulations,2025-2026,True,0.10563327633753006,"GE Grid Alliance B.V. has Submitted to the Exchange a copy of Disclosure under Regulation 31(4) of the Securities and Exchange Board of India (Substantial Acquisition of Shares and Takeovers) Regulations, 2011."
ev_059,Disclosure under SEBI Takeover Regulations,2025-2026,True,-0.01836896885650452,"Hari Shanker Bharti Family Trust has Submitted to the Exchange a copy of Disclosure under Regulation 31(4) of the Securities and Exchange Board of India (Substantial Acquisition of Shares and Takeovers) Regulations, 2011."
ev_060,Disclosure under SEBI Takeover Regulations,2025-2026,True,0.09907374838952343,"COMPANY Khemka has Submitted to the Exchange a copy of Disclosure under Regulation 10 (5) of the Securities and Exchange Board of India (Substantial Acquisition of Shares and Takeovers) Regulations, 2011."
ev_061,Disclosure under SEBI Takeover Regulations,2025-2026,True,0.05741387762600536,"Ashwini Kumar, Ministry of Steel, Government of India has Submitted to the Exchange a copy of Disclosure under Regulation 31(4) of the Securities and Exchange Board of India (Substantial Acquisition of Shares and Takeovers) Regulations, 2011."
ev_062,Statement of deviation(s) or variation(s) under Reg. 32,2025-2026,True,0.07654741482172844,COMPANY has informed the Exchange about statement of deviation(s) or variation(s) under Reg. 32
ev_063,Statement of deviation(s) or variation(s) under Reg. 32,2025-2026,True,0.05371568642453073,COMPANY has informed the Exchange about statement of deviation(s) or variation(s) under Reg. 32
ev_064,Disclosure under SEBI Takeover Regulations,2025-2026,True,-0.04411588223199403,"Hari Khemka Business Family Trust has submitted to the Exchange a copy of Disclosures under Regulation 10(6)-Report to stock Exchange in respect of any acquisition made in reliance upon exemption provided for in regulation 10 of SEBI (SAST) Regulations, 2011."
ev_065,Disclosure under SEBI Takeover Regulations,2025-2026,True,-0.04133260644710879,"Sandeep Kulharia, Government of India, Ministry of Housing and Urban Affairs has Submitted to the Exchange a copy of Disclosure under Regulation 31(4) of the Securities and Exchange Board of India (Substantial Acquisition of Shares and Takeovers) Regulations, 2011."
ev_066,Disclosure under SEBI Takeover Regulations,2025-2026,True,0.014715435805330745,"PCL FINANCIAL SERVICES PRIVATE LIMITED has Submitted to the Exchange a copy of Disclosure under Regulation 31(4) of the Securities and Exchange Board of India (Substantial Acquisition of Shares and Takeovers) Regulations, 2011."
ev_067,Change in Director(s),2025-2026,True,-0.08274101167910108,COMPANY has informed the Exchange regarding Change in Director(s) of the company.
ev_068,Disclosure under SEBI Takeover Regulations,2025-2026,True,-0.06516126521960608,"COMPANY has Submitted to the Exchange a copy of Disclosure under Regulation 31(4) of the Securities and Exchange Board of India (Substantial Acquisition of Shares and Takeovers) Regulations, 2011."
ev_069,Disclosure under SEBI Takeover Regulations,2025-2026,True,0.014715435805330745,"ARUNACHALA LOGISTICS PRIVATE LIMITED has Submitted to the Exchange a copy of Disclosure under Regulation 31(4) of the Securities and Exchange Board of India (Substantial Acquisition of Shares and Takeovers) Regulations, 2011."
ev_070,Disclosure under SEBI Takeover Regulations,2025-2026,True,-0.03234058444484944,"Sanjay Lodha has Submitted to the Exchange a copy of Disclosure under Regulation 31(4) of the Securities and Exchange Board of India (Substantial Acquisition of Shares and Takeovers) Regulations, 2011."
ev_071,Disclosure under SEBI Takeover Regulations,2025-2026,True,0.023939445841494544,"Rahul COMPANY has Submitted to the Exchange a copy of Disclosure under Regulation 31(4) of the Securities and Exchange Board of India (Substantial Acquisition of Shares and Takeovers) Regulations, 2011."
ev_072,Disclosure under SEBI Takeover Regulations,2025-2026,True,-0.04411588223199403,"COMPANY Khemka For and on Behalf of Acquirer(s) of the Company has submitted to the Exchange a copy of Disclosures under Regulation 10(6)-Report to stock Exchange in respect of any acquisition made in reliance upon exemption provided for in regulation 10 of SEBI (SAST) Regulations, 2011."
ev_073,Change in Director(s),2025-2026,True,-0.0042016384661597295,COMPANY has informed the Exchange regarding Change in Director(s) of the company.
ev_074,Disclosure under SEBI Takeover Regulations,2025-2026,True,-0.013025229157744178,"V.S.S Mani has Submitted to the Exchange a copy of Disclosure under Regulation 31(4) of the Securities and Exchange Board of India (Substantial Acquisition of Shares and Takeovers) Regulations, 2011."
ev_075,Disclosure under SEBI Takeover Regulations,2025-2026,True,0.016992998111899915,"COMPANY Resources Limited has Submitted to the Exchange a copy of Disclosure under Regulation 31(1) and 31(2) of the Securities and Exchange Board of India (Substantial Acquisition of Shares and Takeovers) Regulations, 2011."
ev_076,Disclosure under SEBI Takeover Regulations,2025-2026,True,-0.02085582829586352,"Ramesh Kumar Dua has Submitted to the Exchange a copy of Disclosure under Regulation 31(4) of the Securities and Exchange Board of India (Substantial Acquisition of Shares and Takeovers) Regulations, 2011."
ev_077,Disclosure under SEBI Takeover Regulations,2025-2026,True,-0.006116591943856831,"Bina Modi has Submitted to the Exchange a copy of Disclosure under Regulation 31(4) of the Securities and Exchange Board of India (Substantial Acquisition of Shares and Takeovers) Regulations, 2011."
ev_078,Disclosure under SEBI Takeover Regulations,2025-2026,True,0.05307558441332061,"Kartik Bharat Ram has Submitted to the Exchange a copy of Disclosure under Regulation 31(4) of the Securities and Exchange Board of India (Substantial Acquisition of Shares and Takeovers) Regulations, 2011."
ev_079,Disclosure under SEBI Takeover Regulations,2025-2026,True,0.08108181902219735,"COMPANY has Submitted to the Exchange a copy of Disclosure under Regulation 31(4) of the Securities and Exchange Board of India (Substantial Acquisition of Shares and Takeovers) Regulations, 2011."
ev_080,Disclosure under SEBI Takeover Regulations,2025-2026,True,-0.010995193826182748,"COMPANY Bank Limited has Submitted to the Exchange a copy of Disclosure under Regulation 31(4) of the Securities and Exchange Board of India (Substantial Acquisition of Shares and Takeovers) Regulations, 2011."
ev_081,Change in Director(s),2025-2026,True,-0.0587102836672998,COMPANY has informed the Exchange regarding Change in Director(s) of the company.
ev_082,Disclosure under SEBI Takeover Regulations,2025-2026,True,-0.022857941295465034,"Brijmohan Lal Om Parkash has Submitted to the Exchange a copy of Disclosure under Regulation 31(4) of the Securities and Exchange Board of India (Substantial Acquisition of Shares and Takeovers) Regulations, 2011."
ev_083,Disclosure under SEBI Takeover Regulations,2025-2026,True,-0.006203872261170029,"COMPANY has submitted to the Exchange a copy of Disclosures under Regulation 10(6)-Report to stock Exchange in respect of any acquisition made in reliance upon exemption provided for in regulation 10 of SEBI (SAST) Regulations, 2011."
ev_084,Statement of deviation(s) or variation(s) under Reg. 32,2025-2026,True,-0.028868650423455544,COMPANY has informed the Exchange about statement of deviation(s) or variation(s) under Reg. 32
ev_085,Change in Director(s),2025-2026,True,-0.006296294887711107,COMPANY has informed the Exchange regarding Change in Director(s) of the company.
ev_086,Change in Director(s),2025-2026,True,-0.012051272667985113,COMPANY has informed the Exchange regarding Change in Director(s) of the company.
ev_087,Change in Director(s),2025-2026,True,-0.019745043145690033,COMPANY has informed the Exchange regarding Change in Director(s) of the company.
ev_088,Disclosure under SEBI Takeover Regulations,2025-2026,True,-0.022898791146755526,"COMPANY has Submitted to the Exchange a copy of Disclosure under Regulation 31(4) of the Securities and Exchange Board of India (Substantial Acquisition of Shares and Takeovers) Regulations, 2011."
ev_089,Change in Director(s),2025-2026,True,-0.008146647257667672,COMPANY has informed the Exchange regarding Change in Director(s) of the company.
ev_090,Disclosure under SEBI Takeover Regulations,2025-2026,True,-0.01913668748264974,"Monarch Infraparks Private Limited has Submitted to the Exchange a copy of Disclosure under Regulation 31(4) of the Securities and Exchange Board of India (Substantial Acquisition of Shares and Takeovers) Regulations, 2011."
ev_091,Disclosure under SEBI Takeover Regulations,2025-2026,True,-0.05828437560958166,"Vivek Saraogi has Submitted to the Exchange a copy of Disclosure under Regulation 31(4) of the Securities and Exchange Board of India (Substantial Acquisition of Shares and Takeovers) Regulations, 2011."
ev_092,Change in Director(s),2025-2026,True,0.01870987424390458,COMPANY has informed the Exchange regarding Change in Director(s) of the company.
ev_093,Change in Director(s),2025-2026,True,-0.0009186681801098828,COMPANY has informed the Exchange regarding Change in Director(s) of the company.
ev_094,Disclosure under SEBI Takeover Regulations,2025-2026,True,-0.00822881586023616,"COMPANY Holdings Private Limited, COMPANY Logistics Private Limited, COMPANY Engineering Industries Private Limited has Submitted to the Exchange a copy of Disclosure under Regulation 31(4) of the Securities and Exchange Board of India (Substantial Acquisition of Shares and Takeovers) Regulations, 2011."
ev_095,Disclosure under SEBI Takeover Regulations,2025-2026,True,0.14639323628845013,"Rashesh Manhar Bhansali has Submitted to the Exchange a copy of Disclosure under Regulation 31(4) of the Securities and Exchange Board of India (Substantial Acquisition of Shares and Takeovers) Regulations, 2011."
ev_096,Change in Director(s),2025-2026,True,0.07954196504117195,COMPANY has informed the Exchange regarding Change in Director(s) of the company.
ev_097,Disclosure under SEBI Takeover Regulations,2025-2026,True,0.05586370700444021,"COMPANY has Submitted to the Exchange a copy of Disclosure under Regulation 31(4) of the Securities and Exchange Board of India (Substantial Acquisition of Shares and Takeovers) Regulations, 2011."
ev_098,Disclosure under SEBI Takeover Regulations,2025-2026,True,-0.0032998884169141984,"Diwakar Nigam has Submitted to the Exchange a copy of Disclosure under Regulation 31(4) of the Securities and Exchange Board of India (Substantial Acquisition of Shares and Takeovers) Regulations, 2011."
ev_099,Disclosure under SEBI Takeover Regulations,2025-2026,True,-0.11276984701330328,"COMPANY has Submitted to the Exchange a copy of Disclosure under Regulation 31(4) of the Securities and Exchange Board of India (Substantial Acquisition of Shares and Takeovers) Regulations, 2011."
ev_100,Disclosure under SEBI Takeover Regulations,2025-2026,True,0.02561065463277612,"Riddhi Portfolio Private limited has submitted to the Exchange a copy of Disclosures under Regulation 10(6)-Report to stock Exchange in respect of any acquisition made in reliance upon exemption provided for in regulation 10 of SEBI (SAST) Regulations, 2011."
ev_101,Statement of deviation(s) or variation(s) under Reg. 32,2025-2026,True,0.046520407323519586,COMPANY has informed the Exchange about statement of deviation(s) or variation(s) under Reg. 32
ev_102,Disclosure under SEBI Takeover Regulations,2025-2026,True,-0.031245903360330063,"COMPANY has Submitted to the Exchange a copy of Disclosure under Regulation 31(4) of the Securities and Exchange Board of India (Substantial Acquisition of Shares and Takeovers) Regulations, 2011."
ev_103,Disclosure under SEBI Takeover Regulations,2025-2026,True,-0.023409379049135204,"COMPANY has Submitted to the Exchange a copy of Disclosure under Regulation 31(4) of the Securities and Exchange Board of India (Substantial Acquisition of Shares and Takeovers) Regulations, 2011."
ev_104,Statement of deviation(s) or variation(s) under Reg. 32,2025-2026,True,-0.09016006903809592,COMPANY has informed the Exchange about statement of deviation(s) or variation(s) under Reg. 32
ev_105,Disclosure under SEBI Takeover Regulations,2025-2026,True,-0.021362688164251575,"Anil B. Virani has Submitted to the Exchange a copy of Disclosure under Regulation 31(4) of the Securities and Exchange Board of India (Substantial Acquisition of Shares and Takeovers) Regulations, 2011."
ev_106,Change in Director(s),2025-2026,True,0.03931668289770651,COMPANY has informed the Exchange regarding Change in Director(s) of the company.
ev_107,Disclosure under SEBI Takeover Regulations,2025-2026,True,-0.01454929213634304,"Lebnitze Real Estate Private Limited has Submitted to the Exchange a copy of Disclosure under Regulation 31(4) of the Securities and Exchange Board of India (Substantial Acquisition of Shares and Takeovers) Regulations, 2011."
ev_108,Change in Director(s),2025-2026,True,-0.06493497556619188,COMPANY has informed the Exchange regarding Change in Director(s) of the company.
ev_109,Disclosure under SEBI Takeover Regulations,2025-2026,True,-0.012568410934251317,"Devendra Khemka For & on behalf of Akshay Poddar has Submitted to the Exchange a copy of Disclosure under Regulation 31(4) of the Securities and Exchange Board of India (Substantial Acquisition of Shares and Takeovers) Regulations, 2011."
ev_110,Change in Director(s),2025-2026,True,0.02413247461741652,COMPANY has informed the Exchange regarding Change in Director(s) of the company.
ev_111,Disclosure under SEBI Takeover Regulations,2025-2026,True,0.01192322999869333,"COMPANY has Submitted to the Exchange a copy of Disclosure under Regulation 31(4) of the Securities and Exchange Board of India (Substantial Acquisition of Shares and Takeovers) Regulations, 2011."
ev_112,Disclosure under SEBI Takeover Regulations,2025-2026,True,-0.05287972923114537,"Rashesh Chandrakant Shah has Submitted to the Exchange a copy of Disclosure under Regulation 31(4) of the Securities and Exchange Board of India (Substantial Acquisition of Shares and Takeovers) Regulations, 2011."
ev_113,Change in Director(s),2025-2026,True,0.028499506727749924,COMPANY has informed the Exchange regarding Change in Director(s) of the company.
ev_114,Disclosure under SEBI Takeover Regulations,2025-2026,True,-0.05178117701110807,"Robert COMPANY GmbH has Submitted to the Exchange a copy of Disclosure under Regulation 31(4) of the Securities and Exchange Board of India (Substantial Acquisition of Shares and Takeovers) Regulations, 2011."
ev_115,Statement of deviation(s) or variation(s) under Reg. 32,2025-2026,True,-0.01943743160045619,COMPANY has informed the Exchange about statement of deviation(s) or variation(s) under Reg. 32
ev_116,Statement of deviation(s) or variation(s) under Reg. 32,2025-2026,True,-0.01912086650951328,COMPANY has informed the Exchange about statement of deviation(s) or variation(s) under Reg. 32
ev_117,Disclosure under SEBI Takeover Regulations,2025-2026,True,-0.015701708117417112,"Vedanta Ltd has submitted to the Exchange a copy of Disclosure under Regulation 31 of the Securities and Exchange Board of India (Substantial Acquisition of Shares and Takeovers) Regulations, 2011"
ev_118,Statement of deviation(s) or variation(s) under Reg. 32,2025-2026,True,0.017995786607421627,COMPANY has informed the Exchange about statement of deviation(s) or variation(s) under Reg. 32
ev_119,Change in Director(s),2025-2026,True,-0.026261394153418993,COMPANY has informed the Exchange regarding Change in Director(s) of the company.
ev_120,Disclosure under SEBI Takeover Regulations,2025-2026,False,0.011111788136178857,"COMPANY has Submitted to the Exchange a copy of Disclosure under Regulation 31(4) of the Securities and Exchange Board of India (Substantial Acquisition of Shares and Takeovers) Regulations, 2011."
ev_121,Disclosure under SEBI Takeover Regulations,2025-2026,False,0.1396330499599472,"COMPANY has Submitted to the Exchange a copy of Disclosure under Regulation 31(4) of the Securities and Exchange Board of India (Substantial Acquisition of Shares and Takeovers) Regulations, 2011."
ev_122,Disclosure under SEBI Takeover Regulations,2020-2022,False,-0.01724147694970113,"Promoter/Member of the Promoter Group of the Company has informed the Exchange regarding disclosure under Regulation 31(4) of SEBI SAST Regulations 2011 as on March 31, 2021"
ev_123,Disclosure under SEBI Takeover Regulations,2020-2022,False,-0.04790456881822702,"COMPANY ��has informed the Exchange regarding disclosure under Regulation 30 of SEBI SAST Regulations, 2011��as at March 31, 2021.��"
ev_124,Disclosure under SEBI Takeover Regulations,2020-2022,False,-0.028285147911500386,Promoter/Promoter Group of COMPANY has submitted a disclosure under Regulation 31(4) of SEBI Takeover Regulations for the year ended 31-Mar-2022
ev_125,Disclosure under SEBI Takeover Regulations,2020-2022,False,0.024968868231939112,"Standard Life Investments Limited has informed the Exchange regarding Disclosure under Regulation 30 of the SEBI (Substantial Acquisition of Shares and Takeover) Regulations, 2011"
ev_126,Change in Director(s),2023-2024,False,-0.018750478157121275,COMPANY has informed the Exchange regarding Change in Director(s) of the company.
ev_127,Disclosure under SEBI Takeover Regulations,2020-2022,False,0.1693691614626618,"Promoters of COMPANY has informed the exchange regarding disclosure under Regulation 30(1) and 30(2) of the SEBI (Substantial Acquisition of Share and Takeovers) Regulation, 2011."
ev_128,Disclosure under SEBI Takeover Regulations,2020-2022,False,-0.006068914562609717,Promoter/Promoter Group of COMPANY has submitted a disclosure under Regulation 31(4) of SEBI Takeover Regulations for the year ended 31-Mar-2022
ev_129,Disclosure under SEBI Takeover Regulations,2020-2022,False,-0.11282311574073844,"Oasis Trade and Investment Limited has submitted to the Exchange a copy of disclosure under Regulation 10(5) in respect of acquisition under Regulation 10(1)(a) of SEBI (Substantial Acquisition of Shares & Takeovers) Regulations, 2011."
ev_130,Disclosure under SEBI Takeover Regulations,2025-2026,False,0.047958829111882095,"TS Kalyanaraman has Submitted to the Exchange a copy of Disclosure under Regulation 31(4) of the Securities and Exchange Board of India (Substantial Acquisition of Shares and Takeovers) Regulations, 2011."
ev_131,Change in Director(s),2023-2024,False,0.0077167101598139,COMPANY has informed the Exchange regarding Change in Director(s) of the company.
ev_132,Change in Director(s),2023-2024,False,-0.07529823736703956,COMPANY has informed the Exchange regarding Change in Director(s) of the company.
ev_133,Disclosure under SEBI Takeover Regulations,2023-2024,False,-0.01187663017185514,"PERSON��has Submitted to the Exchange a copy of Disclosure under Regulation 31(4) of the Securities and Exchange Board of India��(Substantial Acquisition of Shares and Takeovers) Regulations, 2011.��"
ev_134,Disclosure under SEBI Takeover Regulations,2020-2022,False,0.07349802258933025,"S B COMPANY family trust has informed the Exchange regarding reason for encumbrance vide letter dated March 13, 2020 under SEBI ( SAST) Regulations, 2011."
ev_135,Disclosure under SEBI Takeover Regulations,2020-2022,False,0.08298843743859075,COMPANY Enterprises Private Limited has submitted to the Exchange a copy of��disclosure of reasons for encumbrance.
ev_136,Statement of deviation(s) or variation(s) under Reg. 32,2023-2024,False,0.04033994444275435,COMPANY has informed the Exchange about statement of deviation(s) or variation(s) under Reg. 32
ev_137,Disclosure under SEBI Takeover Regulations,2020-2022,False,-0.01987476033604918,"Disclosure under Regulation 31 under SEBI (SAST) Regulations, 2011 has been submitted."
ev_138,Disclosure under SEBI Takeover Regulations,2020-2022,False,0.022274022378022118,Promoter/Member of the Promoter Group of the Company has informed the Exchange regarding disclosure under Regulation 30 and Regulation 31(4) of SEBI SAST Regulations 2011
ev_139,Statement of deviation(s) or variation(s) under Reg. 32,2020-2022,False,0.022644918723788265,COMPANY COMPANY Limited has informed the Exchange about statement of deviation(s) or variation(s) under Reg. 32
ev_140,Disclosure under SEBI Takeover Regulations,2020-2022,False,-0.026369770816832894,"Promoter/Member of the Promoter Group of the Company has informed the Exchange regarding disclosure under Regulation 30 of SEBI SAST Regulations 2011 as on March 31, 2021"
ev_141,Disclosure under SEBI Takeover Regulations,2025-2026,False,-0.05813830846083534,"Suvankar Sen has Submitted to the Exchange a copy of Disclosure under Regulation 31(4) of the Securities and Exchange Board of India (Substantial Acquisition of Shares and Takeovers) Regulations, 2011."
ev_142,Change in Director(s),2025-2026,False,0.0109838131024802,COMPANY has informed the Exchange regarding Change in Director(s) of the company.
ev_143,Disclosure under SEBI Takeover Regulations,2025-2026,False,0.00911632174755339,"Anita Mani has Submitted to the Exchange a copy of Disclosure under Regulation 31(4) of the Securities and Exchange Board of India (Substantial Acquisition of Shares and Takeovers) Regulations, 2011."
ev_144,Disclosure under SEBI Takeover Regulations,2025-2026,False,0.014206903470206034,"Minal Somany has Submitted to the Exchange a copy of Disclosure under Regulation 31(4) of the Securities and Exchange Board of India (Substantial Acquisition of Shares and Takeovers) Regulations, 2011."
ev_145,Change in Director(s),2020-2022,False,-0.04855839654645644,COMPANY has informed the Exchange regarding Change in Director(s) of the company.
ev_146,Change in Director(s),2020-2022,False,-0.036972764572525074,COMPANY has informed the Exchange regarding Change in Director(s) of the company.
ev_147,Statement of deviation(s) or variation(s) under Reg. 32,2023-2024,False,-0.017506549546117633,COMPANY has informed the Exchange about statement of deviation(s) or variation(s) under Reg. 32
ev_148,Disclosure under SEBI Takeover Regulations,2020-2022,False,-0.008407956137562733,"Disclosure under Regulation 29 under SEBI (SAST) Regulations, 2011 has been submitted."
ev_149,Change in Director(s),2025-2026,False,-0.030053159660695328,COMPANY has informed the Exchange regarding Change in Director(s) of the company.
ev_150,Disclosure under SEBI Takeover Regulations,2020-2022,False,0.007482772670527327,Promoter of COMPANY has submitted to the Exchange a copy of Disclosure under Regulation Reg 29(1) and 29(2) of SEBI (SAST) Regulations 2011.
ev_151,Statement of deviation(s) or variation(s) under Reg. 32,2023-2024,False,-0.06817045916242948,COMPANY has informed the Exchange about statement of deviation(s) or variation(s) under Reg. 32
ev_152,Disclosure under SEBI Takeover Regulations,2020-2022,False,0.03150953434607784,Promoter/Promoter Group of COMPANY has submitted a disclosure under Regulation 31(4) of SEBI Takeover Regulations for the year ended 31-Mar-2022
ev_153,Statement of deviation(s) or variation(s) under Reg. 32,2023-2024,False,0.02178107112781902,COMPANY has informed the Exchange about statement of deviation(s) or variation(s) under Reg. 32
ev_154,Change in Director(s),2025-2026,False,0.08952684326246585,COMPANY has informed the Exchange regarding Change in Director(s) of the company.
ev_155,Disclosure under SEBI Takeover Regulations,2020-2022,False,0.07235756430388185,"Promoter/Member of the Promoter Group of the Company has informed the Exchange regarding disclosure under Regulation 30 of SEBI SAST Regulations 2011 as on March 31, 2021"
ev_156,Change in Director(s),2023-2024,False,-0.054795986289939425,COMPANY has informed the Exchange regarding Change in Director(s) of the company.
ev_157,Change in Director(s),2023-2024,False,-0.04578405161362231,COMPANY has informed the Exchange regarding Change in Director(s) of the company.
ev_158,Disclosure under SEBI Takeover Regulations,2020-2022,False,-0.018489689012623156,"��Promoter/Member of the Promoter Group of the Company has informed the Exchange regarding disclosure under Regulation 30 of SEBI SAST Regulations 2011 as at March 31, 2021"
ev_159,Change in Director(s),2025-2026,False,0.026508865316925867,COMPANY has informed the Exchange regarding Change in Director(s) of the company.
ev_160,Disclosure under SEBI Takeover Regulations,2020-2022,False,0.07910199077866398,"Promoter/Member of the Promoter Group of the COMPANY has informed the Exchange regarding disclosure under Regulation 30 and Regulation 31(4) of SEBI SAST Regulations 2011 as at March 31, 2021."
ev_161,Disclosure under SEBI Takeover Regulations,2020-2022,False,0.028508515612086782,"Promoters and Promoters Group of COMPANY has informed the Exchange regarding the disclosure pursuant to the provisions of Regulation 30 of the SEBI (Substantial Acquisition of Shares and Takeovers) Regulations, 2011 as at 31st March, 2020"
ev_162,Statement of deviation(s) or variation(s) under Reg. 32,2020-2022,False,0.19859852487685548,COMPANY (India) Limited has informed the Exchange regarding Statement of deviation(s) or variation(s) under Reg. 32 of SEBI (LODR) Regulations 2015
ev_163,Statement of deviation(s) or variation(s) under Reg. 32,2020-2022,False,-0.06333364220629645,COMPANY has informed the Exchange about statement of deviation(s) or variation(s) under Reg. 32
ev_164,Disclosure under SEBI Takeover Regulations,2025-2026,False,-0.022529396297173987,"Anurag Choudhary has Submitted to the Exchange a copy of Disclosure under Regulation 31(4) of the Securities and Exchange Board of India (Substantial Acquisition of Shares and Takeovers) Regulations, 2011."
ev_165,Disclosure under SEBI Takeover Regulations,2020-2022,False,0.04522620989858217,"Promoter of Sequent COMPANY Limited has informed the Exchange regarding disclosure under Regulation 29 of SEBI SAST Regulations, 2011"
ev_166,Change in Director(s),2023-2024,False,0.008546832756570089,COMPANY has informed the Exchange regarding Change in Director(s) of the company.
ev_167,Change in Director(s),2020-2022,False,-0.03376867559691288,COMPANY has informed the Exchange regarding Change in Director(s) of the company.
ev_168,Disclosure under SEBI Takeover Regulations,2020-2022,False,-0.05785928655761019,COMPANY Infrastructure Limited has informed the Exchange regarding submission of disclosure of reason for encumbrance by promoter of listed companies.
ev_169,Disclosure under SEBI Takeover Regulations,2023-2024,False,-0.017605418718875,"Rajan Raheja, Suman Raheja, Akshay Raheja, Viren Raheja, Fantasia Enterprises Private Limited, Siena Traders Private Limited, Excelsior Construction Private Limited has Submitted to the Exchange a copy of Disclosure under Regulation 31(4) of the Securities and Exchange Board of India (Substantial Acquisition of Shares and Takeovers) Regulations, 2011."
ev_170,Change in Director(s),2025-2026,False,-0.008159875691020613,COMPANY has informed the Exchange regarding Change in Director(s) of the company.
ev_171,Disclosure under SEBI Takeover Regulations,2025-2026,False,-0.009293143671676996,"GreenlandTrading Private Limited has Submitted to the Exchange a copy of Disclosure under Regulation 31(4) of the Securities and Exchange Board of India (Substantial Acquisition of Shares and Takeovers) Regulations, 2011."
ev_172,Disclosure under SEBI Takeover Regulations,2020-2022,False,-0.023645151210567095,"Disclosure under Regulation 31 under SEBI (SAST) Regulations, 2011 has been submitted."
ev_173,Disclosure under SEBI Takeover Regulations,2020-2022,False,0.2299311141195609,"��Panatone Finvest Limited��has informed the Exchange regarding��Disclosure under Regulation 18(6) of SEBI (Substantial Acquisition of Shares and Takeovers) Regulations, 2011."
ev_174,Disclosure under SEBI Takeover Regulations,2023-2024,False,-0.009798493644690098,"COMPANY ��has Submitted to the Exchange a copy of Disclosure under Regulation 31(4) of the Securities and Exchange Board of India��(Substantial Acquisition of Shares and Takeovers) Regulations, 2011."
ev_175,Disclosure under SEBI Takeover Regulations,2020-2022,False,-0.028285147911500386,Promoter/Promoter Group of COMPANY has submitted a disclosure under Regulation 31(4) of SEBI Takeover Regulations for the year ended 31-Mar-2022
ev_176,Disclosure under SEBI Takeover Regulations,2023-2024,False,0.034638775462004334,"COMPANY Sons Pvt Ltd��has Submitted to the Exchange a copy of Disclosure under Regulation 31(4) of the Securities and Exchange Board of India��(Substantial Acquisition of Shares and Takeovers) Regulations, 2011."
ev_177,Disclosure under SEBI Takeover Regulations,2023-2024,False,-0.022962743140919062,"Ramesh Kunhikannan - Representing RK Family Trust has Submitted to the Exchange a copy of Disclosure under Regulation 31(4) of the Securities and Exchange Board of India (Substantial Acquisition of Shares and Takeovers) Regulations, 2011."
ev_178,Disclosure under SEBI Takeover Regulations,2025-2026,False,0.011509955052359855,"FAL Corporation has Submitted to the Exchange a copy of Disclosure under Regulation 31(4) of the Securities and Exchange Board of India (Substantial Acquisition of Shares and Takeovers) Regulations, 2011."
ev_179,Disclosure under SEBI Takeover Regulations,2023-2024,False,-0.03704650406019916,"Northern TK Venture Pte. Ltd��has Submitted to the Exchange a copy of Disclosure under Regulation 31(4) of the Securities and Exchange Board of India��(Substantial Acquisition of Shares and Takeovers) Regulations, 2011.��"
ev_180,Disclosure under SEBI Takeover Regulations,2020-2022,False,-0.04759708503719784,"Disclosure under Regulation 31 under SEBI (SAST) Regulations, 2011 has been submitted."
ev_181,Disclosure under SEBI Takeover Regulations,2025-2026,False,0.08407188910283137,"Varun Alagh (On behalf of himself, Other Promoter and Members of the Promoter Group) of the Company has Submitted to the Exchange a copy of Disclosure under Regulation 31(4) of the Securities and Exchange Board of India (Substantial Acquisition of Shares and Takeovers) Regulations, 2011."
ev_182,Statement of deviation(s) or variation(s) under Reg. 32,2023-2024,False,-0.09833634982157846,COMPANY has informed the Exchange about statement of deviation(s) or variation(s) under Reg. 32
ev_183,Change in Director(s),2023-2024,False,0.017543643253808083,COMPANY has informed the Exchange regarding Change in Director(s) of the company.
ev_184,Disclosure under SEBI Takeover Regulations,2023-2024,False,0.1174100295541265,"The President of India DDP, Ministry of Defence, Govt. of India��has Submitted to the Exchange a copy of Disclosure under Regulation 31(4) of the Securities and Exchange Board of India��(Substantial Acquisition of Shares and Takeovers) Regulations, 2011."
ev_185,Disclosure under SEBI Takeover Regulations,2023-2024,False,-0.07955469203135856,"Rinku Varde��has submitted to��the Exchange a copy of Disclosures under Regulation 10(6)-Report to stock Exchange in respect of any acquisition made in reliance upon exemption provided for in regulation 10 of SEBI (SAST) Regulations, 2011."
ev_186,Change in Director(s),2023-2024,False,-0.07899391616428253,COMPANY has informed the Exchange regarding Change in Director(s) of the company.
ev_187,Disclosure under SEBI Takeover Regulations,2020-2022,False,0.014369294596296545,"Promoter of COMPANY has informed the Exchange regarding Disclosure under Regulation 30 of SEBI (SAST) Regulations, 2011"
ev_188,Statement of deviation(s) or variation(s) under Reg. 32,2025-2026,False,-0.05413395758616513,COMPANY has informed the Exchange about statement of deviation(s) or variation(s) under Reg. 32
ev_189,Change in Director(s),2025-2026,False,-0.022465148139532598,COMPANY has informed the Exchange regarding Change in Director(s) of the company.
ev_190,Statement of deviation(s) or variation(s) under Reg. 32,2020-2022,False,-0.027966949280811226,COMPANY has informed the Exchange about statement of deviation(s) or variation(s) under Reg. 32
ev_191,Change in Director(s),2023-2024,False,-0.026273837543071776,COMPANY has informed the Exchange regarding Change in Director(s) of the company.
ev_192,Disclosure under SEBI Takeover Regulations,2020-2022,False,-0.09293839470140475,"Promoter of COMPANY has informed the Exchange regarding Disclosure under Regulation 30(1) and 30(2) of SEBI (Substantial Acquisition of Shares and Takeovers) Regulations, 2011"
ev_193,Disclosure under SEBI Takeover Regulations,2025-2026,False,-0.04144107783280393,"Life Insurance Corporation of India has Submitted to the Exchange a copy of Disclosure under Regulation 31(4) of the Securities and Exchange Board of India (Substantial Acquisition of Shares and Takeovers) Regulations, 2011."
ev_194,Disclosure under SEBI Takeover Regulations,2020-2022,False,0.06038929563616702,"COMPANY has informed the Exchange regarding disclosure under Regulation 30 of SEBI SAST Regulations, 2011 as at March 31, 2021."
ev_195,Disclosure under SEBI Takeover Regulations,2020-2022,False,0.09215561382537474,"Promoter of COMPANY has submitted to the Exchange a copy of Disclosures of reasons for encumbrance under SEBI SAST Regulations, 2011."
ev_196,Disclosure under SEBI Takeover Regulations,2025-2026,False,0.004600937878896927,"Pramadwathi Jandhyala and Adugudi Viswanathan Venkatraman has Submitted to the Exchange a copy of Disclosure under Regulation 31(4) of the Securities and Exchange Board of India (Substantial Acquisition of Shares and Takeovers) Regulations, 2011."
ev_197,Change in Director(s),2023-2024,False,0.006977792442635411,COMPANY COMPANY Limited has informed the Exchange regarding Change in Director(s) of the company.
ev_198,Disclosure under SEBI Takeover Regulations,2020-2022,False,-0.01625338170425583,"Gayatri Vachani has informed the Exchange about Disclosure under Regulation 10(6) of the SEBI (Substantial Acquisition of Shares and Takeovers) Regulation, 2011"
ev_199,Disclosure under SEBI Takeover Regulations,2020-2022,False,0.002910541274386169,"Diwakar Viniyog Private Limited has informed the Exchange regarding reason for encumbrance vide letter dated February 18, 2020 under SEBI ( SAST) Regulations, 2011."
